gene,statistic,estimate,p_value,method
TRIM48,858406.825049996,-0.211479075266626,0.00690336643442759,Spearman's rank correlation rho
MYLK3,935277.200889544,-0.20491873510665,0.00789576111893466,Spearman's rank correlation rho
STATH,944246.584288655,-0.153200803962671,0.0460923196450646,Spearman's rank correlation rho
JAKMIP2,857473.159904288,-0.166423843271649,0.0331848698654298,Spearman's rank correlation rho
TCF7,933990.502830159,-0.225138554649945,0.00354181889681215,Spearman's rank correlation rho
